{
    "emo_name": "em_tusiji",
    "emo_list": [
        {
            "emo_name": "icon_002.gif",
            "emo_url": "icon_002.gif"
        },
        {
            "emo_name": "icon_007.gif",
            "emo_url": "icon_002.gif"
        },
        {
            "emo_name": "icon_010.gif",
            "emo_url": "icon_002.gif"
        },
        {
            "emo_name": "icon_012.gif",
            "emo_url": "icon_002.gif"
        },
        {
            "emo_name": "icon_013.gif",
            "emo_url": "icon_002.gif"
        },
        {
            "emo_name": "icon_018.gif",
            "emo_url": "icon_002.gif"
        },
        {
            "emo_name": "icon_019.gif",
            "emo_url": "icon_002.gif"
        },
        {
            "emo_name": "icon_020.gif",
            "emo_url": "icon_002.gif"
        },
        {
            "emo_name": "icon_021.gif",
            "emo_url": "icon_002.gif"
        },
        {
            "emo_name": "icon_022.gif",
            "emo_url": "icon_002.gif"
        },
        {
            "emo_name": "icon_024.gif",
            "emo_url": "icon_002.gif"
        },
        {
            "emo_name": "icon_027.gif",
            "emo_url": "icon_002.gif"
        },
        {
            "emo_name": "icon_029.gif",
            "emo_url": "icon_002.gif"
        },
        {
            "emo_name": "icon_030.gif",
            "emo_url": "icon_002.gif"
        },
        {
            "emo_name": "icon_035.gif",
            "emo_url": "icon_002.gif"
        },
        {
            "emo_name": "icon_040.gif",
            "emo_url": "icon_002.gif"
        }
    ]
}